insert into public.profiles (id) values
  ('10000000-0000-4000-8000-000000000001'),
  ('10000000-0000-4000-8000-000000000002'),
  ('10000000-0000-4000-8000-000000000003');

insert into public.stores (id, operator_id) values
  ('20000000-0000-4000-8000-000000000001', '10000000-0000-4000-8000-000000000001'),
  ('20000000-0000-4000-8000-000000000002', '10000000-0000-4000-8000-000000000002');

insert into public.products (id, store_id) values
  ('30000000-0000-4000-8000-000000000001', '20000000-0000-4000-8000-000000000001'),
  ('30000000-0000-4000-8000-000000000002', '20000000-0000-4000-8000-000000000002'),
  ('30000000-0000-4000-8000-000000000003', '20000000-0000-4000-8000-000000000001'),
  ('30000000-0000-4000-8000-000000000004', '20000000-0000-4000-8000-000000000001'),
  ('30000000-0000-4000-8000-000000000005', '20000000-0000-4000-8000-000000000002'),
  ('30000000-0000-4000-8000-000000000006', '20000000-0000-4000-8000-000000000002'),
  ('30000000-0000-4000-8000-000000000007', '20000000-0000-4000-8000-000000000001');

insert into public.commerce_orders (id, member_id, status) values
  ('40000000-0000-4000-8000-000000000001', '10000000-0000-4000-8000-000000000003', 'paid'),
  ('40000000-0000-4000-8000-000000000002', '10000000-0000-4000-8000-000000000003', 'paid'),
  ('40000000-0000-4000-8000-000000000003', '10000000-0000-4000-8000-000000000003', 'paid'),
  ('40000000-0000-4000-8000-000000000004', '10000000-0000-4000-8000-000000000003', 'shipped'),
  ('40000000-0000-4000-8000-000000000005', '10000000-0000-4000-8000-000000000003', 'paid');

-- A future or past storage deadline is an accounting fact, not evidence that
-- the item physically reached the center.
insert into public.commerce_order_items (
  id, order_id, product_id, store_id, payment_status, paid_at, storage_expires_at
) values
  ('50000000-0000-4000-8000-000000000001', '40000000-0000-4000-8000-000000000001', '30000000-0000-4000-8000-000000000001', '20000000-0000-4000-8000-000000000001', 'paid', '2026-07-20 00:00:00+00', '2099-01-01 00:00:00+00'),
  ('50000000-0000-4000-8000-000000000002', '40000000-0000-4000-8000-000000000001', '30000000-0000-4000-8000-000000000002', '20000000-0000-4000-8000-000000000002', 'paid', '2026-07-20 00:00:00+00', '2026-07-21 00:00:00+00'),
  ('50000000-0000-4000-8000-000000000003', '40000000-0000-4000-8000-000000000002', '30000000-0000-4000-8000-000000000003', '20000000-0000-4000-8000-000000000001', 'paid', '2026-07-20 00:00:00+00', '2099-01-01 00:00:00+00'),
  ('50000000-0000-4000-8000-000000000004', '40000000-0000-4000-8000-000000000003', '30000000-0000-4000-8000-000000000004', '20000000-0000-4000-8000-000000000001', 'paid', '2026-07-20 00:00:00+00', '2099-01-01 00:00:00+00'),
  ('50000000-0000-4000-8000-000000000005', '40000000-0000-4000-8000-000000000004', '30000000-0000-4000-8000-000000000005', '20000000-0000-4000-8000-000000000002', 'paid', '2026-07-20 00:00:00+00', '2099-01-01 00:00:00+00'),
  ('50000000-0000-4000-8000-000000000006', '40000000-0000-4000-8000-000000000005', '30000000-0000-4000-8000-000000000006', '20000000-0000-4000-8000-000000000002', 'cancelled', null, null);

insert into public.shipping_requests (id, status) values
  ('60000000-0000-4000-8000-000000000001', 'requested'),
  ('60000000-0000-4000-8000-000000000002', 'shipped');

insert into public.shipping_request_items (request_id, product_id) values
  ('60000000-0000-4000-8000-000000000001', '30000000-0000-4000-8000-000000000003'),
  ('60000000-0000-4000-8000-000000000002', '30000000-0000-4000-8000-000000000004');
